基金代码,基金名称,一级分类,二级分类,3月评分,6月评分,1年评分,2年评分,3年评分,5年评分,7年评分,10年评分
110022,易方达消费行业股票,股票型,股票型,97.6071,96.8230,97.3254,95.8058,94.2041,91.0652,86.46642138838057,74.53564587573327
001694,华安沪港深外延增长灵活配置混合A,混合型,混合型-灵活,97.8690,97.6992,97.3082,95.0196,92.7704,91.6753,88.02226744882078,79.43137944451095
180012,银华富裕主题混合A,混合型,混合型-偏股,98.0471,97.1911,97.2536,95.6475,94.0553,92.3322,86.76090497853637,77.26793517299174
519091,新华泛资源优势混合,混合型,混合型-灵活,98.7325,97.4283,97.2465,95.4642,92.6967,90.4252,86.84850182141575,78.0268316772417
000577,安信价值精选股票A,股票型,股票型,96.8035,97.1896,97.0280,95.5733,92.8461,89.9827,84.5301516991329,75.07022177660721
519714,交银消费新驱动股票,股票型,股票型,96.5596,96.8305,97.0157,94.9788,93.0474,90.3957,86.99558328060064,73.90712917514665
040025,华安科技动力混合A,混合型,混合型-偏股,98.1159,97.3034,96.9610,92.9930,90.9946,88.1181,85.17732080860597,79.28453848916557
420003,天弘永定价值成长混合A,混合型,混合型-偏股,95.5375,96.4025,96.9573,93.2449,91.9409,90.0343,85.12104291016058,76.43631030767389
240022,华宝资源优选混合A,混合型,混合型-偏股,96.1975,96.6651,96.8634,93.2137,91.6341,89.5583,85.91112474560039,80.51616934035675
001244,华泰柏瑞量化智慧混合A,混合型,混合型-灵活,97.0535,96.9547,96.8526,93.8834,91.4670,88.2483,85.1194929965282,78.25324733628636
160632,鹏华酒A,指数型,指数型-股票,97.7748,95.7201,96.8320,95.6030,93.0317,89.6380,86.23345333584169,75.04702651741889
519157,新华行业灵活配置混合C,混合型,混合型-灵活,98.0755,96.5693,96.7583,93.6256,91.3068,88.8184,83.71291965247731,73.44606728121633
519156,新华行业灵活配置混合A,混合型,混合型-灵活,98.0860,96.5536,96.7542,93.6505,91.3485,88.8568,83.75166749328727,73.57453908775291
000527,南方新优享灵活配置混合A,混合型,混合型-灵活,97.4635,97.1971,96.7508,94.6754,92.2371,90.7258,83.46135263634964,77.34451694002155
460009,华泰柏瑞量化先行混合A,混合型,混合型-偏股,97.0430,96.9240,96.7448,92.4643,90.5636,87.6315,84.32043235108003,77.56655542918712
000309,大摩品质生活精选股票A,股票型,股票型,97.0729,97.2757,96.7347,92.2043,91.6231,90.0938,87.40171409758683,79.9969322399138
001397,建信精工制造指数增强,指数型,指数型-股票,96.1481,96.6973,96.7298,92.8869,90.7738,88.4878,85.62642164491798,78.40281934634262
217027,招商央视财经50指数A,指数型,指数型-股票,95.5989,96.2356,96.7224,95.7091,93.0751,89.9306,84.88631116279865,76.93223991380343
090009,大成行业轮动混合A,混合型,混合型-偏股,98.1803,97.0273,96.7074,94.2306,92.0352,90.2106,86.28182133023208,77.07504040464504
001662,创金合信沪港深精选混合,混合型,混合型-灵活,94.7953,96.1892,96.6950,92.0646,90.7468,88.2879,84.11947803184485,73.59212259068599
001810,中欧潜力价值灵活配置混合A,混合型,混合型-灵活,96.0882,96.6127,96.6846,94.5168,92.0964,88.7847,85.30874279557386,77.57007212977373
001473,建信大安全战略精选股票,股票型,股票型,97.3752,97.1283,96.6820,94.5540,92.6440,91.2801,85.88327974551487,75.28885580031127
001178,前海开源再融资股票,股票型,股票型,96.6404,97.1021,96.6790,94.1406,92.9480,88.2048,84.1415509397821,74.54769244582785
000478,建信中证500指数增强A,指数型,指数型-股票,97.3902,97.4538,96.6677,93.0414,90.8400,87.0467,84.21006781139367,76.16960223871664
001975,景顺长城环保优势股票,股票型,股票型,97.2974,97.2899,96.6621,96.0158,92.8569,90.9513,87.58064895418241,78.74225577636777
001410,信澳新能源产业股票A,股票型,股票型,98.5499,96.9637,96.6434,95.2272,93.4311,91.0004,87.2504104598861,79.44398719023106
000877,华泰柏瑞量化优选混合,混合型,混合型-灵活,95.1051,96.0815,96.6142,93.9258,91.4308,87.8788,83.03737108994201,75.16906351011613
001242,博时中证淘金大数据100A,指数型,指数型-股票,98.2985,97.5608,96.5963,93.3489,91.0784,87.2991,83.39085828872432,76.87507482341672
000936,博时产业新动力混合A,混合型,混合型-灵活,97.6221,96.1062,96.5839,94.4754,92.1081,90.0094,84.92703647962239,77.47373698072549
000480,东方红新动力混合A,混合型,混合型-灵活,96.4414,96.3067,96.5697,94.9878,92.2487,89.1517,85.8904414154025,78.94686040943374
519909,华安安顺灵活配置混合A,混合型,混合型-灵活,97.3872,96.6883,96.5327,93.4271,91.6057,89.6759,85.42605522395718,76.93171614988627
200012,长城中小盘成长混合A,混合型,混合型-偏股,97.6939,96.6771,96.5304,94.9021,92.1990,91.0463,84.63746985685212,77.15940380701544
001528,诺安先进制造股票A,股票型,股票型,96.3007,96.3554,96.5256,95.1398,92.6412,90.0903,85.54427622240085,76.86572189632467
000974,安信消费医药股票A,股票型,股票型,95.1350,96.2349,96.5144,95.2708,92.0424,88.5840,83.86155102529459,75.70461211540763
001521,国寿安保成长优选股票A,股票型,股票型,96.6734,96.0755,96.5009,93.4511,91.0478,88.9355,85.05172435908399,78.97360978091703
001897,九泰久盛量化先锋混合A,混合型,混合型-灵活,97.7448,97.2817,96.4964,92.9875,91.6538,88.6980,83.78314677361426,74.06100353166526
001927,华夏消费升级灵活配置混合A,混合型,混合型-灵活,95.0063,95.6303,96.4915,95.3104,93.2419,90.9057,86.04580689572609,73.54363701664073
202005,南方成份精选混合A,混合型,混合型-偏股,96.4025,96.5327,96.4882,94.4150,91.9613,88.8402,83.22710189666672,75.3410077217766
001112,东方红中国优势混合,混合型,混合型-灵活,95.8907,95.8503,96.4751,95.9698,93.7368,90.4271,84.11717988404509,73.64558392194421
000339,长城医疗保健混合A,混合型,混合型-偏股,96.6165,96.5334,96.4560,93.4071,92.4265,91.4198,85.35352995502043,76.88495151442595
001577,嘉实低价策略股票,股票型,股票型,95.6707,96.5716,96.4272,94.1258,92.0869,91.2858,85.8677271638932,77.1221043337723
001928,华夏消费升级灵活配置混合C,混合型,混合型-灵活,94.8671,95.5263,96.4227,95.2235,93.1629,90.7971,85.90738357476356,73.357139650425
160222,国泰国证食品饮料行业(LOF)A,指数型,指数型-股票,97.5967,95.1627,96.3875,95.5562,94.3507,89.5334,86.07285021634657,74.30956692206392
000628,大成高鑫股票A,股票型,股票型,98.1339,97.5667,96.3572,94.3598,92.7915,90.8332,86.83273545860341,79.14626481503652
001564,东方红京东大数据混合A,混合型,混合型-灵活,95.7021,96.0680,96.3479,94.8695,92.2712,89.5514,86.18177173299584,79.2773180294505
169102,东方红睿阳三年持有混合,混合型,混合型-偏股,96.0374,96.4519,96.3310,95.0100,92.1747,89.5463,84.75162901267295,76.26148539446905
001074,华泰柏瑞沪深300指数增强A,指数型,指数型-股票,94.4286,95.6513,96.3179,93.5807,91.7794,88.3538,83.2601845359238,75.65159972464983
519732,交银定期支付双息平衡混合,混合型,混合型-平衡,97.6027,96.4197,96.3172,95.5228,92.5730,90.7217,85.27368268030305,78.85666078055787
161725,招商中证白酒指数(LOF)A,指数型,指数型-股票,98.3584,94.5252,96.2910,94.0147,93.0253,89.2292,86.01593097432917,75.35473781874775
519736,交银新成长混合,混合型,混合型-偏股,97.0400,97.2480,96.2499,94.3101,92.9773,91.5102,86.59207128320021,76.10409433736382
001471,融通新能源灵活配置混合A,混合型,混合型-灵活,96.0239,97.0280,96.2315,93.8525,91.6271,89.7990,86.4307733748354,78.4677660720699
020023,国泰事件驱动策略混合A,混合型,混合型-偏股,97.9020,97.7703,96.2053,94.8594,92.6264,91.0107,87.31358280173076,78.92475008978809
002142,博时外延增长混合A,混合型,混合型-灵活,96.8739,95.9797,96.1956,93.8546,91.6506,89.6866,84.64366951138172,77.07313240751826
161217,国投瑞银中证资源指数(LOF)A,指数型,指数型-股票,94.7190,94.5768,96.1904,92.9382,90.8974,89.0013,85.8727510218741,80.68029450496827
000978,景顺长城量化精选股票A,股票型,股票型,97.3542,97.1492,96.1806,92.9509,90.7703,87.5886,83.15062167570248,75.83394439123668
000248,汇添富中证主要消费ETF联接A,指数型,指数型-股票,96.4399,95.0691,96.1616,95.3793,94.2773,91.1147,86.85502214773135,74.89131898719023
001712,东方红优势精选混合,混合型,混合型-灵活,95.4253,95.3452,96.1481,95.6223,93.1963,89.8196,82.43151519556703,78.56874027295582
001631,天弘中证食品饮料ETF联接A,指数型,指数型-股票,97.0520,95.0744,96.1414,95.0323,93.9730,91.2085,87.33223521061723,75.25237938465222
121006,国投瑞银稳健增长混合,混合型,混合型-偏股,95.4642,96.4197,96.1399,93.2466,91.2487,90.2736,83.88715132287801,76.21730216688614
161715,招商大宗商品(LOF),指数型,指数型-股票,94.6965,95.6004,96.1316,92.4898,90.2756,88.1044,84.53939773562963,78.72119298455644
169101,东方红睿丰混合,混合型,混合型-灵活,95.5630,96.1556,96.1174,94.2547,92.0062,89.5392,83.04592233756905,76.63679965281935
090004,大成精选增值混合A,混合型,混合型-灵活,96.7691,96.9704,96.1092,94.3160,92.5072,89.4743,84.62239828290947,76.48782623009697
001632,天弘中证食品饮料ETF联接C,指数型,指数型-股票,97.0550,95.0190,96.0983,94.9962,93.9408,91.1743,87.29001342545878,75.17104633065965
002229,华夏经济转型股票,股票型,股票型,95.5660,95.5959,96.0677,94.9859,92.4065,89.8615,85.23910357271127,76.10899527116007
001047,光大国企改革股票A,股票型,股票型,95.7500,96.0867,96.0445,94.3254,92.0875,89.6551,84.16244805117067,75.25230456123549
000457,摩根核心成长股票A,股票型,股票型,96.9637,97.1560,96.0332,93.8368,91.1475,89.1419,84.5575156915394,78.21463845325033
121005,国投瑞银创新动力混合,混合型,混合型-偏股,96.2828,96.8604,96.0302,93.1696,91.3351,88.6171,81.07945605513844,71.68487369807255
163407,兴全沪深300指数(LOF)A,指数型,指数型-股票,93.9498,95.2218,96.0254,94.6679,93.0664,89.4560,84.18724666928905,75.62413953070754
020026,国泰成长优选混合,混合型,混合型-偏股,97.2884,97.3498,95.9827,94.1638,91.2704,89.4552,83.34398676266868,74.74466509038669
630016,华商价值共享混合发起式,混合型,混合型-灵活,98.1623,94.7871,95.9696,92.7954,90.7699,89.6742,84.53971840741565,78.59234706093619
002334,汇丰晋信大盘波动股票A,股票型,股票型,93.3362,95.1178,95.9528,94.1791,92.0105,87.7905,83.6612914949291,75.45975248413744
162607,景顺长城资源垄断混合(LOF)A,混合型,混合型-偏股,98.1055,97.8361,95.9423,94.2077,91.6627,88.8283,84.15961545039421,75.27116006225307
160620,鹏华中证A股资源产业指数(LOF)A,指数型,指数型-股票,93.8465,94.9352,95.9416,92.5637,90.6007,88.0848,84.7303577842007,79.42655333413146
519606,国泰金鑫股票A,股票型,股票型,97.3976,97.3976,95.9416,95.6004,92.3083,90.2888,85.12291349557901,79.67014096731712
519195,万家品质生活混合A,混合型,混合型-灵活,89.9782,93.6325,95.9330,94.1855,91.4951,89.6018,85.9282806861521,79.28914012929486
000619,东方红产业升级混合,混合型,混合型-灵活,96.8305,96.5282,95.9255,95.9631,93.2366,90.3183,85.34145131774726,76.92157757691847
001053,南方创新经济,混合型,混合型-灵活,97.2315,96.8724,95.8911,94.2622,91.9998,90.7788,83.5161340664603,77.50654704896445
000520,上银新兴价值成长混合A,混合型,混合型-灵活,99.0647,98.5275,95.8896,92.0741,91.2387,88.7375,82.93315275948761,74.97826379743805
002335,汇丰晋信大盘波动股票C,股票型,股票型,93.1282,94.9704,95.8780,94.1088,91.9354,87.6898,83.49828333703887,75.17445079612115
540006,汇丰晋信大盘股票A,股票型,股票型,92.9726,95.0512,95.8776,94.4442,92.6732,89.2501,83.20967872962665,77.16531485693763
270041,广发消费品精选混合A,混合型,混合型-偏股,97.3797,96.3097,95.8739,94.7891,92.8797,90.3386,85.40392887072224,74.4293218005507
000311,景顺长城沪深300指数增强A,指数型,指数型-股票,91.4402,94.3905,95.8675,93.3226,91.6746,88.4307,82.24263951360503,74.38932868430504
002160,南方驱动混合,混合型,混合型-灵活,93.6071,94.1668,95.8548,94.1228,91.6032,90.8622,86.49806100460057,78.25668921345624
540009,汇丰晋信消费红利股票,股票型,股票型,96.5940,95.8705,95.8365,94.8929,92.7391,90.4013,85.88066092592909,75.59884921585059
210004,金鹰稳健成长混合,混合型,混合型-偏股,99.1650,98.6390,95.8353,91.5760,90.1577,88.5269,85.57661062749055,77.04013528073746
020001,国泰金鹰增长混合,混合型,混合型-灵活,97.7149,96.0171,95.8252,92.6869,90.6463,88.1663,85.50200099194471,76.70530049084161
001044,嘉实新消费股票A,股票型,股票型,94.7115,95.4021,95.8234,95.3643,93.1614,91.0772,86.04377597441466,75.48122680474081
001420,南方大数据300A,指数型,指数型-股票,93.8525,95.4028,95.8002,92.6871,90.8382,87.7560,82.5808948025517,79.06003082724769
161225,国投瑞银瑞盈混合(LOF)A,混合型,混合型-灵活,98.1115,96.4840,95.7706,94.9397,92.4819,91.0886,86.87752261804997,78.64861427032204
001623,兴业国企改革混合A,混合型,混合型-灵活,95.2248,95.9573,95.7616,94.1933,91.6278,90.4162,86.07231576336987,76.6572264455884
630006,华商产业升级混合,混合型,混合型-偏股,98.9525,97.1769,95.7504,93.2822,90.6725,88.8884,84.17228198594175,75.71542409912607
001426,南方大数据300C,指数型,指数型-股票,93.7627,95.3497,95.7328,92.6218,90.7640,87.6699,82.45604658719708,78.90668023464625
020010,国泰金牛创新成长混合,混合型,混合型-偏股,94.9943,95.7650,95.6954,92.6591,91.5628,88.9629,84.48461630551898,77.54624087154316
020015,国泰区位优势混合A,混合型,混合型-偏股,95.4358,95.8929,95.6950,93.9150,91.3907,89.9620,86.57865651348531,77.67920208308392
002168,嘉实智能汽车股票,股票型,股票型,98.3464,96.1309,95.6939,93.6540,92.5169,90.6864,86.05649595525986,77.64044355321441
000418,景顺长城成长之星股票A,股票型,股票型,97.9079,97.1724,95.6883,94.2831,92.5896,91.2121,86.67052898017822,77.84852747515863
001437,易方达瑞享混合I,混合型,混合型-灵活,97.1313,93.2217,95.6872,93.2983,91.0374,89.1910,88.00334781344598,81.25628516700587
000985,嘉实逆向策略股票,股票型,股票型,95.2532,95.8091,95.6861,93.9793,92.5397,90.1968,86.21170109969044,75.90704686938824
001438,易方达瑞享混合E,混合型,混合型-灵活,97.1103,93.1986,95.6722,93.2799,91.0136,89.1665,87.9764648287185,81.20458218604094
165525,中信保诚中证基建工程指数(LOF)A,指数型,指数型-股票,89.8794,93.4455,95.6662,90.3016,89.6067,85.4612,82.77313753826684,74.47919160780557
260103,景顺长城动力平衡混合,混合型,混合型-灵活,96.3501,96.6277,95.6498,94.2259,92.2559,89.5473,85.08293641292265,74.54963785466299
540012,汇丰晋信恒生龙头指数A,指数型,指数型-股票,89.9093,93.5966,95.6430,93.7059,92.2290,88.8046,83.37156453626585,74.55001197174667
519677,银河定投宝,指数型,指数型-股票,96.8694,95.8204,95.6258,91.9318,90.2629,88.0057,84.71913427169024,77.13665748832754
260116,景顺长城核心竞争力混合A,混合型,混合型-偏股,95.4582,96.1870,95.6142,94.4283,92.4771,88.5415,84.68888423320962,76.82277325511792
000948,华夏沪港通恒生ETF联接A,指数型,指数型-股票,96.4309,96.8716,95.6086,93.8346,92.6470,88.8571,83.23559969899608,77.04885220878727
001149,汇丰晋信恒生龙头指数C,指数型,指数型-股票,89.8255,93.5517,95.6015,93.6649,92.1753,88.6918,83.2233607258299,74.29796929246977
160607,鹏华价值优势混合(LOF),混合型,混合型-偏股,94.9689,95.2577,95.5963,93.7517,91.5070,88.9531,83.55659215679567,74.27563450257392
160613,鹏华盛世创新混合(LOF)A,混合型,混合型-偏股,97.4695,95.9955,95.5936,92.8020,91.9864,88.9919,83.871331514768,76.1659733030049
530015,建信深证基本面60ETF联接A,指数型,指数型-股票,90.3807,93.5607,95.5903,94.7981,93.2089,89.7507,83.66161216671513,73.42605201723931
001104,华安新丝路主题股票A,股票型,股票型,90.0709,93.3991,95.5903,92.6314,91.5926,90.8492,83.55151485351712,74.83639859930564
001015,华夏沪深300指数增强A,指数型,指数型-股票,92.6179,94.7025,95.5888,93.9866,92.2913,88.8398,83.81008320363942,75.14508260505207
410009,华富量子生命力混合A,混合型,混合型-偏股,98.5888,98.0441,95.5858,91.6235,89.5919,87.2707,81.46004001983889,77.72566742487729
260101,景顺长城优选混合,混合型,混合型-偏股,97.8556,97.2615,95.5821,94.8593,91.6829,89.3553,85.83175847856202,76.66856219322399
160512,博时卓越品牌混合(LOF)A,混合型,混合型-偏股,98.2207,97.8810,95.5611,90.5563,89.7706,89.1045,83.22138324981616,73.57248144379265
110003,易方达上证50增强A,指数型,指数型-股票,93.3392,94.6150,95.5600,94.6896,93.5722,89.8562,83.9521942501411,74.44159284089548
519196,万家新兴蓝筹A,混合型,混合型-灵活,90.0425,93.6632,95.5592,92.8959,90.2241,88.9902,85.5018941013494,79.80635699748593
001048,富国新兴产业股票A,股票型,股票型,97.0864,97.1717,95.5581,94.2958,91.8183,89.3099,86.6545488361752,81.33043517299174
001445,华安国企改革主题灵活配置混合A,混合型,混合型-灵活,98.1279,95.4028,95.5574,93.8134,92.6248,91.3950,87.4160374373621,76.32302765473483
050018,博时行业轮动混合,混合型,混合型-偏股,98.2761,97.5226,95.5536,94.0194,92.1647,89.7008,85.4879448786578,76.18408056985514
002555,博时沪港深优质企业基金C,混合型,混合型-灵活,96.7542,95.5914,95.5488,94.0008,92.8047,90.1472,84.90458945460144,76.77582156111576
002340,富国价值优势混合A,混合型,混合型-偏股,96.7751,96.0171,95.5278,95.1146,92.7837,92.0654,86.51965290485882,77.80572848078535
519181,万家和谐增长混合A,混合型,混合型-灵活,89.9617,93.3198,95.5278,92.1312,90.2470,88.7861,84.6859981871355,78.29612115407637
000756,建信潜力新蓝筹股票A,股票型,股票型,96.8619,95.8959,95.5259,93.1817,91.2644,88.6922,86.3941099006345,77.2520726086436
160212,国泰估值优势混合(LOF)A,混合型,混合型-偏股,98.3165,97.5181,95.5237,93.5755,90.7208,89.5248,84.96615843751603,77.12962408715433
270022,广发内需增长混合A,混合型,混合型-灵活,97.5817,96.8694,95.5233,91.9945,90.6493,89.3889,84.2545877443519,74.84212259068599
160211,国泰中小盘成长混合(LOF),混合型,混合型-偏股,98.2596,97.5435,95.5177,92.1804,89.7559,89.1243,85.7948277778728,75.65825900873938
161017,富国中证500指数增强(LOF)A,指数型,指数型-股票,95.3999,96.4294,95.5091,92.3901,90.5179,87.1420,83.79314104427837,75.56424338560996
161219,国投瑞银新兴产业混合(LOF)A,混合型,混合型-灵活,89.9093,93.8338,95.5039,93.3839,91.2640,90.4406,85.13173196969437,76.68251676044534
001714,工银文体产业股票A,股票型,股票型,97.4216,97.3520,95.5035,95.2902,93.6001,91.3974,86.35894289476835,75.57557913324554
320011,诺安中小盘精选混合A,混合型,混合型-偏股,93.9094,94.5888,95.4968,93.1335,90.9772,88.3510,84.13764943305227,75.23827517059739
001837,前海开源沪港深蓝筹精选混合A,混合型,混合型-灵活,92.1196,94.7362,95.4960,93.7734,90.8848,89.6059,84.6402490123309,75.01840656051718
001105,信澳转型创新股票A,股票型,股票型,97.5877,97.2450,95.4960,93.6759,91.6728,88.7299,83.97715320415249,81.15665778762121
070023,嘉实深证基本面120联接A,指数型,指数型-股票,90.7219,93.6138,95.4930,94.4324,92.6860,89.1071,83.37097663799148,73.58684753980606
373020,摩根双核平衡混合A,混合型,混合型-平衡,96.0733,95.0617,95.4844,92.1911,90.4464,88.9258,82.73738263412632,74.1919819226625
001016,华夏沪深300指数增强C,指数型,指数型-股票,92.4398,94.5843,95.4818,93.8660,92.1815,88.7236,83.64023404764755,74.86015503411947
100056,富国低碳环保混合,混合型,混合型-偏股,96.8873,97.0445,95.4784,94.2214,91.5985,87.8184,83.00215063877819,73.7058167724171
001542,国泰互联网+股票,股票型,股票型,98.1130,94.8439,95.4784,94.7143,92.2967,89.8173,85.07759188315575,74.83898000718304
660010,农银策略精选混合,混合型,混合型-偏股,98.0247,96.3539,95.4747,94.8765,92.4597,90.6465,83.84231071813379,74.50335957141147
000409,鹏华环保产业股票,股票型,股票型,97.1582,95.6849,95.4732,92.3921,90.7104,89.7494,85.98536026406252,77.47953579552257
310398,申万菱信沪深300价值指数A,指数型,指数型-股票,89.8420,93.5323,95.4627,94.5263,92.7000,88.1964,81.5892173043047,74.593933317371
165312,建信央视财经50指数(LOF),指数型,指数型-股票,94.7489,95.7590,95.4627,93.6881,91.6274,88.5335,84.00441030596365,76.09324494193703
610004,信澳中小盘混合A,混合型,混合型-偏股,97.9124,96.6778,95.4627,92.4383,91.6478,89.4411,84.42962109421764,76.32452412306955
167503,安信一带一路指数A,指数型,指数型-股票,89.8315,92.9180,95.4418,90.8126,91.2092,87.9918,84.50679610405157,78.61999431342034
160215,国泰价值经典混合(LOF),混合型,混合型-灵活,97.8915,96.1129,95.4365,92.5829,90.5254,88.2705,85.8670858203212,77.49715671016402
000778,鹏华先进制造股票,股票型,股票型,97.9633,97.2083,95.4365,93.3198,91.3059,90.6989,85.45320543517299,76.61031216329462
001645,国泰大健康股票A,股票型,股票型,97.7643,97.3370,95.4317,94.6542,92.6788,91.0176,87.45986258145062,76.94230366335448
001179,德邦大健康灵活配置混合A,混合型,混合型-灵活,95.4253,96.0134,95.4313,95.2087,92.9685,90.1277,85.62011509979307,74.5258440081408
001421,南方量化成长股票A,股票型,股票型,98.3464,98.0651,95.4275,91.6351,89.9682,87.3964,83.30630782781209,76.76583263498144
260110,景顺长城精选蓝筹混合,混合型,混合型-偏股,94.8641,95.8555,95.4219,94.0504,92.2214,88.4867,84.3610507773084,74.59120226266012
163110,申万菱信量化小盘股票(LOF)A,股票型,股票型,95.4717,96.2805,95.4212,91.2438,89.3097,86.5188,83.1872317046057,76.55007931282174
001875,前海开源沪港深优势精选混合A,混合型,混合型-灵活,94.8058,96.0778,95.4122,93.7131,92.2469,90.4207,85.21040344786304,75.28511462947445
001170,宏利复兴混合A,混合型,混合型-灵活,96.3022,96.8185,95.4025,94.8637,91.8893,90.4403,84.67098005849053,81.40447294385251
217016,招商深证100指数A,指数型,指数型-股票,94.3239,95.6625,95.3972,94.5802,92.3230,89.3785,84.89582442578373,75.24078175505807
001910,泰康新机遇混合,混合型,混合型-灵活,94.5783,95.1028,95.3931,92.7442,91.1099,88.1972,83.00754861384276,75.09027445229259
070027,嘉实周期优选混合,混合型,混合型-偏股,94.8043,95.3752,95.3898,93.1479,91.1029,89.6794,84.013228780079,76.28733688495151
020009,国泰金鹏蓝筹混合,混合型,混合型-灵活,94.2221,94.6232,95.3856,93.4965,90.7188,88.6354,85.56255451420363,77.52637525439961
001677,中银战略新兴产业股票A,股票型,股票型,95.9176,95.6647,95.3819,94.4344,92.0673,90.8047,86.07333122402558,79.59333473003711
360010,光大均衡精选混合A,混合型,混合型-偏股,96.7467,95.7463,95.3725,92.1159,90.8861,86.8350,81.32247182363906,73.72740332814558
519756,交银国企改革灵活配置混合A,混合型,混合型-灵活,93.9124,95.0834,95.3557,91.7066,90.5730,88.7645,85.27036907184758,76.39949718663954
090010,大成中证红利指数A,指数型,指数型-股票,90.3523,93.6692,95.3546,93.8592,92.6059,88.0731,84.12359331976536,77.0396115168203
519671,银河沪深300价值指数A,指数型,指数型-股票,89.9183,93.6221,95.3486,94.5863,92.7626,89.0164,83.1755271844162,76.91951993295821
502013,长盛中证申万一带一路指数(LOF),指数型,指数型-股票,89.8375,92.7833,95.3430,91.6183,91.3800,88.3958,83.64151673479161,74.17327606847839
001463,光大一带一路混合A,混合型,混合型-偏股,94.8088,95.2098,95.3336,93.3858,90.7132,89.2109,84.89026611482616,75.80248114449898
002031,华夏策略混合,混合型,混合型-灵活,95.7934,95.2510,95.3336,92.9963,91.4335,88.9849,83.69971866395306,75.2500598587334
070018,嘉实回报混合,混合型,混合型-灵活,96.0089,94.7945,95.3325,94.2249,92.3037,89.6235,85.12419618272305,73.80323686100802
020005,国泰金马稳健混合A,混合型,混合型-灵活,97.7224,97.2255,95.3303,93.9687,92.6594,89.5393,85.2216804056712,76.75913593918352
001985,富国低碳新经济混合A,混合型,混合型-偏股,97.5952,96.6868,95.3284,94.7706,92.4820,90.5148,86.0564425099622,80.10078714234406
110030,易方达沪深300量化增强A,指数型,指数型-股票,91.7634,94.1286,95.3116,94.2152,92.4095,88.4497,83.19781387354415,75.081781994493
002311,创金合信中证500指数增强A,指数型,指数型-股票,95.1440,96.0598,95.3104,92.6905,90.8611,87.6419,83.93215226351525,77.19513198850713
002316,创金合信中证500指数增强C,指数型,指数型-股票,95.1065,96.0359,95.3097,92.7202,90.8684,87.6262,83.90569684116913,77.13501137315934
000199,国泰量化策略收益混合A,混合型,混合型-偏股,96.5521,96.8043,95.3082,90.6759,89.4276,87.0201,82.57907766243095,75.49533101879564
050002,博时沪深300指数A,指数型,指数型-股票,91.1125,93.8323,95.2970,94.1374,92.2811,88.3579,83.00765550443809,74.85858374236801
740001,长安宏观策略混合A,混合型,混合型-偏股,97.9005,97.2270,95.2966,91.7457,89.3761,86.7885,84.59663764943306,77.53827217766073
163808,中银中证A100指数增强,指数型,指数型-股票,90.4271,93.4874,95.2899,94.5467,92.8808,89.8839,83.95508029621521,75.20490392673291
162216,宏利500指数增强(LOF),指数型,指数型-股票,97.0086,96.5813,95.2887,92.4034,90.8798,88.6151,84.08110430811855,75.5769259547468
165520,中信保诚中证800有色指数(LOF)A,指数型,指数型-股票,96.5447,93.5308,95.2884,92.6146,90.0230,88.3685,85.44882292076413,80.84763707649947
233011,大摩主题优选混合,混合型,混合型-偏股,97.8152,97.0340,95.2839,92.6759,90.9481,89.3677,85.32482983017222,75.80704537291992
000020,景顺长城品质投资混合A,混合型,混合型-偏股,95.9401,96.3217,95.2775,95.1720,92.3570,90.6254,85.35972960955004,78.26907248892613
519069,汇添富价值精选混合,混合型,混合型-偏股,94.6157,95.4051,95.2764,94.0785,92.0821,89.0412,82.131740520942,73.8948207230935
162213,宏利沪深300指数增强A,指数型,指数型-股票,89.8495,93.4851,95.2708,93.9949,92.5144,89.3793,83.8326371192557,74.6891461151682
470098,汇添富逆向投资混合A,混合型,混合型-偏股,96.0703,96.2858,95.2685,92.7330,91.5556,89.8554,85.69568675069692,78.22668502334491
450002,国富弹性市值混合A,混合型,混合型-偏股,96.7586,96.3067,95.2648,93.1265,91.8744,88.8947,83.0577337483539,73.99134293068359
519706,交银深证300价值ETF联接,指数型,指数型-股票,91.6198,93.9887,95.2633,94.2117,92.2513,88.7367,83.11598912281302,74.40616395307076
050004,博时精选混合A,混合型,混合型-偏股,93.6595,95.2734,95.2453,92.0423,90.1908,87.3328,81.54154409878402,73.79766251646114
000751,嘉实新兴产业股票,股票型,股票型,97.0550,96.7811,95.2360,95.4038,93.3022,92.0365,86.73770971934805,75.38294624685741
160221,国泰国证有色金属行业指数(LOF)A,指数型,指数型-股票,97.4111,93.6819,95.2308,92.3583,89.8399,88.0208,84.84729609550034,80.14590566263618
610005,信澳红利回报混合A,混合型,混合型-偏股,98.5634,97.2989,95.2293,91.7967,90.5345,89.2753,83.13667245301089,73.17857356638333
519965,长信量化多策略股票A,股票型,股票型,98.4601,97.5480,95.2270,91.9062,90.1732,88.1813,82.77548913136427,74.58742368011494
160916,大成优选混合(LOF)A,混合型,混合型-偏股,97.3662,96.7497,95.2244,94.5469,92.1601,89.6420,84.42876596945494,75.40408386208547
002385,博时沪深300指数C,指数型,指数型-股票,90.9673,93.7276,95.2244,94.0923,92.2131,88.3365,82.94266602247266,74.7190754818628
502006,易方达中证国企改革(LOF)A,指数型,指数型-股票,89.9542,93.1791,95.2222,92.1722,90.9840,88.0322,83.50849138889363,73.98988387405723
001741,广发百发大数据精选混合A,混合型,混合型-灵活,94.9330,94.6247,95.2207,92.5248,91.3787,88.4339,82.16888500282191,74.98791601819705
360016,光大行业轮动混合,混合型,混合型-偏股,98.8208,97.4687,95.2147,92.1127,91.3992,90.2480,85.78937635751056,76.70765742846882
340007,兴全社会责任混合,混合型,混合型-偏股,95.8862,96.4638,95.2143,95.5615,92.4286,90.2331,84.54148210223873,73.98546929246977
168203,国联国证钢铁行业指数(LOF)A,指数型,指数型-股票,90.1697,92.7706,95.2094,92.0113,92.2774,88.1323,83.59517966171265,76.55696306716149
001742,广发百发大数据精选混合E,混合型,混合型-灵活,94.9494,94.5656,95.2053,92.5079,91.3378,88.4068,82.13542824648117,74.92876810726685
165310,建信沪深300指数增强(LOF)A,指数型,指数型-股票,93.2225,94.0463,95.1874,94.1583,91.8875,88.1336,83.16922063929128,74.54148210223872
690007,民生加银景气行业混合A,混合型,混合型-偏股,96.6120,93.2300,95.1844,94.5622,92.5483,90.6970,83.37674873013972,75.64819525918831
002124,广发新兴产业混合A,混合型,混合型-灵活,96.5132,96.4601,95.1802,93.4550,91.8295,90.0682,84.89555719929537,75.78987339877888
001043,工银美丽城镇股票A,股票型,股票型,97.3348,95.8032,95.1750,94.9752,93.1239,91.3451,84.72031006823896,75.65085149048247
310318,申万菱信沪深300指数增强A,指数型,指数型-股票,89.4514,93.2614,95.1743,93.3910,91.8489,89.0209,83.57054137948727,75.540374715671
270008,广发核心精选混合,混合型,混合型-偏股,97.8211,94.3950,95.1735,91.8891,90.8111,89.0994,84.4465632535787,77.26905752424278
160716,嘉实基本面50指数(LOF)A,指数型,指数型-股票,89.6250,93.3310,95.1694,94.2231,92.4882,88.4693,83.38139847103693,76.71199718663954
002236,大成360互联网+大数据100A,指数型,指数型-股票,98.6666,97.5226,95.1668,92.2765,91.3210,88.1364,86.55236142703221,82.48469861127738
217017,招商上证消费80ETF联接A,指数型,指数型-股票,91.6422,93.8525,95.1653,94.5532,92.5505,90.5471,84.97540447401276,73.31830629713876
050012,博时策略混合,混合型,混合型-灵活,95.4477,94.7885,95.1638,92.7840,90.8801,88.0156,83.06468163705084,74.09912606249252
519066,汇添富蓝筹稳健混合A,混合型,混合型-灵活,95.5959,96.2588,95.1481,94.4113,92.3211,89.2079,83.10807921875802,73.44689033880043
000652,博时裕隆灵活配置混合A,混合型,混合型-灵活,97.8690,96.8507,95.1447,92.9788,91.9147,89.5954,84.57680944399787,77.04578444870107
530018,建信深证100指数增强,指数型,指数型-股票,95.0766,95.0093,95.1410,94.4685,92.0367,88.9698,84.57253382018436,75.24504668981204
502000,西部利得中证500指数增强(LOF)A,指数型,指数型-股票,96.2813,95.8540,95.1279,92.1879,90.8960,88.7469,85.15134639393888,77.37553124625883
002214,中海沪港深价值优选混合A,混合型,混合型-灵活,94.5095,96.0112,95.1178,93.3779,91.6604,88.9863,83.10444493851652,74.65270711121752
000056,建信消费升级混合,混合型,混合型-灵活,95.4448,95.8361,95.1118,93.1806,91.0500,88.6937,84.04812855945683,72.34496588052197
000979,景顺长城沪港深精选股票A,股票型,股票型,93.0160,94.8709,95.1099,93.3757,92.0922,88.8980,84.50294804261942,80.4602762480546
233006,大摩领先优势混合,混合型,混合型-偏股,97.6909,97.0041,95.1073,93.2552,91.2314,88.7893,86.15761445844949,77.11593140189153
000083,汇添富消费行业混合,混合型,混合型-偏股,96.1406,95.2786,95.0976,94.7444,93.4876,91.4820,86.81900001710251,74.62577068119239
000458,英大领先回报A,混合型,混合型-灵活,93.2375,94.6112,95.0890,93.3005,91.6861,87.8336,85.3004587744352,76.83523135400455
050021,博时创业板ETF联接A,指数型,指数型-股票,90.7354,93.2809,95.0860,93.7625,91.7713,89.6563,85.50814720117664,76.98210972105831
001277,博时国企改革股票A,股票型,股票型,94.2625,95.3243,95.0845,91.6123,90.0992,86.8277,80.84926715807838,73.08930923021668
001736,圆信永丰优加生活,股票型,股票型,95.8952,96.2311,95.0819,94.1264,91.8374,90.6326,86.65807622582135,77.47298874655812
202019,南方策略优化混合,混合型,混合型-偏股,96.6614,97.3168,95.0804,91.2803,89.6722,87.7152,82.30415505122197,75.9429246977134
161907,万家中证红利ETF联接A,指数型,指数型-股票,90.1113,93.5210,95.0766,93.2530,92.0156,87.8303,84.33080073882779,74.0798216209745
070017,嘉实量化阿尔法混合,混合型,混合型-偏股,98.6053,97.6214,95.0725,91.8512,90.0484,87.6038,82.65881804655298,73.8458113851311
000991,工银战略转型股票A,股票型,股票型,96.1436,96.5566,95.0714,95.4921,93.1165,92.0594,86.3789848813942,76.04887465581228
002082,华泰柏瑞激励动力混合C,混合型,混合型-灵活,97.0265,95.6318,95.0706,94.5899,92.7588,91.2038,84.61486249593816,74.2409164372082
001717,工银前沿医疗股票A,股票型,股票型,96.5402,96.8006,95.0706,95.1322,93.1318,92.3475,87.11850746523918,77.13998713037232
481013,工银消费服务混合A,混合型,混合型-偏股,95.1470,94.7915,95.0676,92.7507,91.3966,89.7101,84.96257760257221,75.89021160062254
519116,浦银安盛沪深300指数增强A,指数型,指数型-股票,90.4421,93.6445,95.0669,93.9279,92.4896,88.3630,81.74843084606043,74.06597928887825
000547,建信健康民生混合A,混合型,混合型-偏股,96.3022,94.4541,95.0650,91.9181,90.7889,90.3293,87.10546681260796,77.01776307913325
233001,大摩基础行业混合,混合型,混合型-灵活,97.8840,97.2585,95.0624,92.5871,91.0167,88.4429,82.67966171264388,73.87764874895247
240014,华宝中证A100ETF联接A,指数型,指数型-股票,89.7327,93.0482,95.0418,94.3875,92.8384,89.5440,83.72344837611809,74.45704387645158
001039,嘉实先进制造股票,股票型,股票型,96.0882,96.5589,95.0373,93.1475,91.0746,90.4881,86.74145089018488,78.74992517658326
000127,农银行业领先混合,混合型,混合型-偏股,97.5727,96.2184,95.0340,94.3299,92.1263,89.8518,83.36274606215046,74.03582545193343
161026,富国中证国有企业改革指数(LOF)A,指数型,指数型-股票,90.0215,93.0706,95.0314,91.9896,90.5766,86.8856,82.71664585863077,73.63555758410152
160634,鹏华中证环保产业指数(LOF)A,指数型,指数型-股票,95.7755,95.9408,95.0138,91.8371,89.4238,86.6926,83.5376190761232,74.08640608164731
310358,申万菱信新经济混合A,混合型,混合型-灵活,96.0897,93.7059,95.0119,94.1092,91.7719,88.7079,87.01968710984933,79.45386388124027
040007,华安中小盘成长混合,混合型,混合型-偏股,93.1611,94.0396,95.0097,91.6824,90.4237,88.6125,85.35278172085307,77.40377708607686
202021,南方小康ETF联接A,指数型,指数型-股票,89.1012,92.8424,95.0048,92.6258,91.2212,87.9333,83.49176301072326,75.9246677840297
160627,鹏华策略优选灵活配置混合,混合型,混合型-灵活,96.7437,96.4601,94.9943,92.9825,91.0100,90.8526,84.6373095209591,76.62830719501974
001208,诺安低碳经济股票A,股票型,股票型,96.6913,96.4436,94.9936,95.2843,93.1946,90.3052,87.2882497306357,78.68157398539446
000117,广发轮动配置混合,混合型,混合型-偏股,97.7882,94.2356,94.9894,91.8151,91.3288,90.1062,85.19698867814814,74.48128666347421
450001,国富中国收益混合A,混合型,混合型-平衡,95.4612,94.2341,94.9842,92.5332,90.9103,88.5963,83.76369268526278,73.40330569855142
090013,大成竞争优势混合A,混合型,混合型-偏股,97.5967,97.0609,94.9835,94.1825,91.7950,87.9872,85.02313112483111,76.93051897521848
163807,中银优选灵活配置混合A,混合型,混合型-灵活,96.9697,93.2524,94.9805,93.6260,91.2015,89.7158,83.14789596552137,75.97955076020591
160615,鹏华沪深300ETF联接(LOF)A,指数型,指数型-股票,89.8330,93.2240,94.9749,93.9083,92.1555,88.7975,81.75911990559423,73.16510535137077
001037,国投瑞银锐意改革混合A,混合型,混合型-灵活,96.5072,96.1773,94.9749,92.1033,89.9598,88.8140,81.62919438696106,77.17956871782593
110025,易方达资源行业混合,混合型,混合型-偏股,91.0721,93.8585,94.9741,93.0405,90.2600,87.3819,83.80158540131005,79.45427541003232
000824,圆信永丰双利A,混合型,混合型-灵活,96.8260,96.3703,94.9734,92.7663,91.1619,87.9066,83.14794941081904,75.35002394349335
540007,汇丰晋信中小盘股票,股票型,股票型,97.0280,96.6442,94.9726,91.6071,90.7847,89.0465,85.67088813257854,79.99195648270083
165511,中信保诚中证500指数(LOF)A,指数型,指数型-股票,95.7126,96.1623,94.9651,91.8766,89.9878,86.9741,84.31722563321989,76.5017059739016
240008,华宝收益增长混合A,混合型,混合型-灵活,92.5341,94.1593,94.9633,91.2135,89.9959,88.4705,85.09827521335363,75.16307763677722
530019,建信社会责任混合A,混合型,混合型-偏股,95.5480,95.0669,94.9629,92.2275,90.3674,88.0335,81.95761574113662,77.68530019154795
519908,华夏兴华混合A,混合型,混合型-灵活,91.4686,93.0758,94.9621,91.3429,90.0078,88.0161,84.88016495356672,76.77817849874296
690008,民生中证内地资源主题指数A,指数型,指数型-股票,94.1024,92.8454,94.9591,92.3570,90.1686,87.7465,84.91608019360025,79.60223871662876
000176,嘉实沪深300指数研究增强A,指数型,指数型-股票,93.4589,94.6007,94.9468,93.9956,92.4773,89.0963,82.89990978433754,74.13956811923859
040011,华安核心优选混合A,混合型,混合型-偏股,90.1128,93.5158,94.9423,93.5321,92.2416,88.9199,85.54897940859571,75.06255237639172
002315,创金合信沪深300指数增强C,指数型,指数型-股票,90.2176,93.4919,94.9360,93.0049,91.5284,89.0539,83.81735176412238,75.24938644798276
288002,华夏收入混合,混合型,混合型-偏股,94.4930,95.3931,94.9341,92.5835,90.9065,87.7899,83.84396752236151,75.89140877529032
000410,益民服务领先混合A,混合型,混合型-灵活,95.2008,94.8207,94.9277,92.6282,91.6099,89.1023,84.7503463255289,73.71808781276188
257030,国联安优势混合,混合型,混合型-偏股,98.0725,96.7220,94.9266,91.7756,90.7503,87.9281,83.94439123668143,75.26057254878486
519003,海富通收益增长混合,混合型,混合型-灵活,94.9883,95.6243,94.9113,92.1942,90.8409,90.1300,85.49029647175523,77.96405483059979
519672,银河蓝筹混合A,混合型,混合型-偏股,97.0026,93.4425,94.8862,93.5409,92.0742,90.7186,86.20079825896597,76.13686699389442
202212,南方平衡配置混合,混合型,混合型-灵活,95.0976,94.7773,94.8720,91.0506,90.0792,88.6770,83.7027650459202,77.5285077217766
001144,大成互联网思维混合A,混合型,混合型-灵活,96.9562,95.1223,94.8716,93.5368,92.0358,89.5669,84.84136366745908,77.19213905183766
001643,汇丰晋信智造先锋股票A,股票型,股票型,97.2285,95.0714,94.8712,91.8742,90.7704,90.0342,87.07281173573224,77.14047348258111
002553,博时创业成长混合C,混合型,混合型-偏股,98.8447,95.2337,94.8656,92.8789,90.4292,88.3572,82.54481922662517,74.46085987070514
001705,泓德战略转型股票,股票型,股票型,97.7044,95.0048,94.8641,91.4907,90.2766,88.7221,84.06790331959432,74.49277205794326
001959,华商乐享互联灵活配置混合A,混合型,混合型-灵活,98.9106,97.1313,94.8611,90.7120,90.1456,89.9015,87.34800157342956,80.3441877169879
162714,广发深证100ETF联接A,指数型,指数型-股票,94.0949,95.2337,94.8551,94.2500,92.0576,88.9029,84.03359143849089,74.30245869747395
233015,大摩量化配置混合A,混合型,混合型-偏股,94.1383,94.5379,94.8492,91.3811,89.7814,87.2609,81.6586961912743,71.58363761522807
001154,华银平安中国主题灵活配置,混合型,混合型-灵活,95.7066,95.5113,94.8432,90.7509,89.8961,87.6630,83.38984282806861,75.61070872740332
001222,鹏华外延成长混合,混合型,混合型-灵活,96.0329,95.3490,94.8379,93.6473,92.6112,91.2881,85.62893357390843,74.88956063689692
502023,鹏华国证钢铁行业指数(LOF)A,指数型,指数型-股票,90.2954,92.2049,94.8349,91.9086,90.8074,88.7468,83.92680773374835,76.7704716868191
050014,博时创业成长混合A,混合型,混合型-偏股,98.8328,95.2270,94.8290,92.8779,90.4495,88.4188,82.6629333344735,74.6681581467736
000136,民生加银策略精选混合A,混合型,混合型-灵活,97.6954,96.5117,94.8271,92.7866,90.7007,90.0203,84.61021275504096,76.25864210463307
001102,前海开源国家比较优势混合A,混合型,混合型-灵活,93.3452,95.1537,94.8256,94.3862,92.8132,91.7773,86.3696853995998,74.83235813480186
320010,诺安中证A100指数A,指数型,指数型-股票,89.4349,92.9629,94.8233,94.3955,92.8458,89.8644,84.61993979921671,75.98205734466659
002310,创金合信沪深300指数增强A,指数型,指数型-股票,90.2625,93.5158,94.8151,92.9681,91.4875,89.0438,83.82307041097296,75.28073745959536
161723,招商中证银行指数A,指数型,指数型-股票,93.2300,94.8574,94.8140,93.5515,91.7486,88.8325,82.35669177883052,78.54416078055789
001449,华商双驱优选混合,混合型,混合型-灵活,97.8885,96.5357,94.8084,91.7320,91.1582,88.2607,85.72727292161926,79.21802047168681
001371,富国沪港深价值混合A,混合型,混合型-灵活,93.3362,95.2450,94.8065,93.3555,90.9627,88.7786,81.85409219955191,74.52266401292948
200015,长城优化升级混合A,混合型,混合型-偏股,98.7235,94.3321,94.8058,92.5734,91.3525,90.0915,86.76443236818251,79.44484765952352
000825,圆信永丰双利C,混合型,混合型-灵活,96.7721,96.2558,94.8054,92.6580,91.0375,87.7779,83.00738827794976,74.94204926373757
001827,富国研究优选沪港深灵活配置混合A,混合型,混合型-灵活,97.1358,95.9371,94.7983,93.3998,91.1925,89.1520,84.85258717996956,75.47232281814917
519068,汇添富成长焦点混合,混合型,混合型-偏股,95.0212,95.5480,94.7923,93.4144,91.7375,89.1868,82.91118674214567,72.42865587214175
200002,长城久泰沪深300指数A,指数型,指数型-股票,89.9826,93.2120,94.7889,93.7034,92.1781,88.7320,82.05648954182415,74.34697863043218
002021,华夏回报二号混合,混合型,混合型-平衡,94.5933,94.5386,94.7885,93.1596,91.4318,87.6647,80.94792717757521,71.45699898240153
519100,长盛中证A100指数,指数型,指数型-股票,89.5502,93.0758,94.7882,94.1305,92.5745,88.9148,83.74648329941338,74.6230396264815
000975,MSCI中国A股国际通联接A,指数型,指数型-股票,91.0825,93.3826,94.7687,93.0517,91.4003,87.5726,83.24115800995365,74.7259218244942
160638,鹏华中证一带一路主题指数(LOF)A,指数型,指数型-股票,89.8659,91.8121,94.7665,90.1590,90.9244,88.2361,84.69674069196695,79.0571875374117
180031,银华中小盘混合,混合型,混合型-偏股,97.6610,96.6225,94.7605,93.0371,91.5299,88.5475,84.91517162353988,76.51435113133006
688888,浙商聚潮产业成长混合A,混合型,混合型-偏股,95.7740,95.9715,94.7541,91.1125,89.5805,87.9178,84.86268834122897,75.23030647671496
202015,南方沪深300ETF联接A,指数型,指数型-股票,90.1128,93.2090,94.7519,93.7077,92.1489,88.5421,83.45034290502984,73.54752783431103
001040,新华策略精选股票A,股票型,股票型,95.0123,95.9969,94.7466,92.3224,91.8055,90.3950,84.74446734278531,79.19426403687298
260108,景顺长城新兴成长混合A,混合型,混合型-偏股,95.9386,95.5473,94.7440,94.0818,93.2121,90.5396,86.05029630073027,74.3349320603376
001644,汇丰晋信智造先锋股票C,股票型,股票型,97.1627,94.9135,94.7399,91.7423,90.6521,89.9469,86.96544013271536,76.99980545911649
001272,兴业聚利灵活配置混合A,混合型,混合型-灵活,94.4780,95.0340,94.7332,91.9252,90.4372,88.7937,83.4634904482564,76.43238207829522
000867,华宝品质生活股票,股票型,股票型,94.5095,95.1978,94.7317,93.5663,91.8159,90.3208,86.45204460330763,73.76515174188914
450008,国富沪深300指数增强A,指数型,指数型-股票,89.8135,92.9786,94.7283,91.8714,90.8033,88.7937,83.37877965145115,75.25608314378067
161227,国投瑞银深证100指数,指数型,指数型-股票,94.3448,95.2255,94.7279,93.6546,91.6046,88.8780,84.51684382001335,74.83377977971986
660006,农银大盘蓝筹混合,混合型,混合型-偏股,93.7642,93.6737,94.7160,93.5802,91.1930,88.1564,82.53722999435618,72.39663144977852
519673,银河康乐股票A,股票型,股票型,97.4156,96.8297,94.7081,92.8349,91.6644,91.0841,85.60798301722221,77.62035346582067
001050,汇添富中证500指数增强A,指数型,指数型-股票,97.0011,96.8477,94.7040,92.2810,90.7909,88.4818,83.84754835730533,77.07634981443792
213010,宝盈中证A100指数增强A,指数型,指数型-股票,90.3343,92.7953,94.7010,94.3529,92.8032,90.0660,83.56407449846934,75.2624057224949
040002,华安中国A股增强指数,指数型,指数型-股票,92.8214,93.9670,94.6931,93.0063,91.3449,87.3813,83.23998221340493,73.46155572848079
000308,建信创新中国混合,混合型,混合型-偏股,97.5248,96.4399,94.6823,92.1434,91.0723,88.6877,85.64357758546973,78.28934963486174
001682,新华鑫回报混合,混合型,混合型-灵活,92.1765,94.7100,94.6819,91.1961,89.9742,87.4502,82.18342212378786,73.70645277145935
001718,工银物流产业股票A,股票型,股票型,95.9431,92.8080,94.6789,93.3125,91.9729,90.9675,87.1353427340049,79.49086406081648
240005,华宝多策略增长A,混合型,混合型-偏股,92.5162,93.9640,94.6744,91.0330,89.7292,87.5492,82.26898804535583,73.9980396264815
000566,华泰柏瑞创新升级混合A,混合型,混合型-灵活,96.9741,96.3501,94.6744,94.5304,92.0796,89.3243,84.82597142173043,74.363926134323
000587,大成灵活配置混合A,混合型,混合型-灵活,95.0003,95.8630,94.6741,93.0957,91.0485,88.9693,85.66399368917925,76.76220369926972
519704,交银先进制造混合A,混合型,混合型-偏股,98.1354,96.8709,94.6707,92.1817,90.3758,89.7248,85.7380688717484,78.8586436011014
165515,中信保诚沪深300指数(LOF)A,指数型,指数型-股票,89.9288,93.2203,94.6703,93.3480,91.7684,88.1526,83.61415274238512,74.72468723811804
570001,诺德价值优势混合,混合型,混合型-偏股,95.1021,95.4747,94.6666,94.4851,92.5992,90.6463,85.82486403516273,77.33228331138513
370027,摩根智选30混合A,混合型,混合型-偏股,97.1866,95.0527,94.6640,93.8505,91.7331,90.2519,83.902971130988,76.58711690410631
100038,富国沪深300指数增强A,指数型,指数型-股票,90.2131,93.0893,94.6587,94.1976,92.5428,88.5398,82.4984821535462,74.54200586615588
000878,中海医药健康产业精选混合A,混合型,混合型-灵活,95.5959,95.9595,94.6569,94.6267,93.3402,89.7905,84.7246925826478,75.4881853824973
255010,国联安稳健混合A,混合型,混合型-灵活,97.6865,96.2311,94.6509,92.0538,90.6316,87.6172,83.34906406594722,75.91220968514307
020011,国泰沪深300指数A,指数型,指数型-股票,89.9243,93.1522,94.6501,93.5470,92.0061,88.0265,83.28166954558671,74.7347509876691
320022,诺安研究精选股票A,股票型,股票型,96.1092,96.0089,94.6494,92.3154,91.6975,90.4949,86.28518838398521,78.39458877050161
519697,交银优势行业混合,混合型,混合型-灵活,96.7497,96.8978,94.6468,93.9311,92.7292,89.1237,85.31430110653143,73.519281994493
161607,融通巨潮100指数A(LOF),指数型,指数型-股票,89.5726,92.7010,94.6423,93.5725,92.3327,88.0666,82.67319483162593,74.68031695199329
110021,易方达上证中盘ETF联接A,指数型,指数型-股票,89.6519,92.9808,94.6382,92.0668,90.6511,87.3731,83.43789015067298,75.37913025260386
110019,易方达深证100ETF联接A,指数型,指数型-股票,94.1338,95.1230,94.6344,93.9010,91.7229,88.8616,84.4152443091447,74.76879564228422
162509,国联安中证A100指数(LOF),指数型,指数型-股票,89.8943,92.9681,94.6288,93.9500,92.3701,87.7782,82.72407475500675,73.72976026577278
000523,国投瑞银医疗保健混合A,混合型,混合型-灵活,97.6461,97.4373,94.6277,92.0169,90.9086,88.4776,84.30525388654205,76.58461031964563
000711,嘉实医疗保健股票,股票型,股票型,95.3011,96.0014,94.6153,94.2042,92.5791,91.4091,86.41308298130697,77.326783790255
762001,国金国鑫发起A,混合型,混合型-灵活,94.3374,94.4279,94.6045,91.6529,89.9678,87.1235,83.23976843221426,73.61213785466299
162202,宏利周期混合,混合型,混合型-偏股,98.7909,94.2012,94.6030,91.8549,90.5095,89.1009,86.24483718424518,78.29563480186759
410008,华富中证A100ETF联接A,指数型,指数型-股票,89.3661,92.9494,94.6000,94.3836,92.8808,90.1594,83.72922046826632,74.49782263857297
110005,易方达积极成长混合,混合型,混合型-偏股,97.3093,94.7788,94.6000,93.0440,91.1109,87.3163,83.79859246464059,78.123578355082
000368,汇添富沪深300安中指数A,指数型,指数型-股票,89.8225,92.5798,94.5925,93.3574,91.5604,88.7086,84.34758256229584,75.94483269484019
270050,广发新经济混合A,混合型,混合型-偏股,97.2211,93.9041,94.5884,94.4967,92.3352,91.2283,85.70797916916078,73.40783251526398
165519,中信保诚中证800医药指数(LOF)A,指数型,指数型-股票,93.9049,95.4448,94.5862,94.0362,92.1617,89.7529,83.87726394280925,74.59943283850114
160624,鹏华消费领先混合,混合型,混合型-灵活,97.4096,95.1013,94.5843,93.1595,91.6324,90.6726,86.437293701151,75.59080569855142
002001,华夏回报混合A,混合型,混合型-灵活,94.4421,94.3875,94.5832,93.2964,91.5734,87.7982,81.0241401720511,71.47783730396264
000994,建信睿盈灵活配置混合A,混合型,混合型-灵活,94.9719,93.5323,94.5820,91.8760,90.2005,87.5447,83.46878153272563,76.0170372919909
000646,华润元大量化优选混合A,混合型,混合型-偏股,95.7979,96.3426,94.5817,93.2066,90.9309,88.4579,83.71056805937987,77.26404435532143
519997,长信银利精选混合A,混合型,混合型-偏股,89.8958,92.4316,94.5764,93.3884,91.5305,89.2850,83.682295496913,75.38126271998085
540003,汇丰晋信动态策略混合A,混合型,混合型-灵活,96.4219,94.2985,94.5719,93.4150,91.8506,90.1826,87.27194891484667,76.6594711480905
000977,长城环保主题混合A,混合型,混合型-灵活,96.9113,95.3407,94.5674,91.8252,90.6864,90.3279,85.68521147235381,76.39347390159224
270010,广发沪深300ETF联接A,指数型,指数型-股票,90.2311,93.1095,94.5656,93.5098,91.9726,88.1029,83.00498323955466,73.49926673051598
161032,富国中证煤炭指数(LOF)A,指数型,指数型-股票,92.6404,95.4672,94.5645,91.7361,90.2372,87.5856,85.47538523370561,77.04608374236801
690009,民生加银红利回报混合,混合型,混合型-灵活,97.5308,96.1241,94.5633,93.3714,91.0418,89.6158,82.72781592584359,74.47638572967796
000742,国泰新经济灵活配置混合A,混合型,混合型-灵活,98.1339,95.1470,94.5630,94.0824,91.7851,88.7695,84.31487404012246,76.83747605650665
240016,华宝上证180价值ETF联接A,指数型,指数型-股票,88.9950,92.8027,94.5570,93.7846,92.0887,88.6153,83.14287210754048,77.1522581707171
000879,中海医药健康产业精选混合C,混合型,混合型-灵活,95.4223,95.8278,94.5499,94.5166,93.2670,89.5984,84.49958098886627,75.16607057344666
001607,英大策略优选A,混合型,混合型-灵活,94.2595,94.4279,94.5491,92.5768,90.9542,89.3029,85.89306023498828,77.26105141865199
001215,博时沪港深优质企业基金A,混合型,混合型-灵活,92.4084,93.4365,94.5469,93.5977,92.5467,90.0541,84.87792025106464,76.8702861247456
001558,天弘医疗健康混合A,混合型,混合型-偏股,93.1522,94.3972,94.5461,93.1073,91.9194,90.7440,84.96941860067385,76.02814856937627
162307,海富通中证A100指数(LOF)A,指数型,指数型-股票,89.6220,92.7638,94.5443,93.9763,92.6083,89.2471,83.48251697422654,74.19157039387046
001056,华银健康生活主题灵活配置,混合型,混合型-灵活,96.9038,96.7789,94.5439,91.1761,89.6520,87.4022,84.77765687263772,77.34870705135879
377010,摩根阿尔法混合A,混合型,混合型-偏股,93.6445,95.1844,94.5435,92.5996,90.4337,89.1552,84.40327256246687,77.47504639051837
519694,交银蓝筹混合,混合型,混合型-偏股,92.8289,93.2696,94.5435,93.7085,92.2833,88.3135,84.06993424090574,74.31910690769783
200008,长城品牌优选混合A,混合型,混合型-偏股,91.9714,94.0268,94.5297,93.7457,91.9542,89.7259,85.26871226761985,73.41939273314976
164908,交银中证环境治理(LOF)A,指数型,指数型-股票,96.3426,97.0879,94.5297,90.3233,88.8282,85.6005,81.58349865745413,74.20642284209266
002210,创金合信量化多因子股票A,股票型,股票型,94.8028,96.2543,94.5244,91.5154,90.6673,87.8795,85.01356441654836,78.35534388842332
001064,广发中证环保ETF联接A,指数型,指数型-股票,95.6827,95.6872,94.5218,91.5094,89.5497,87.0041,83.55087350994509,73.99807703818988
000967,华泰柏瑞创新动力混合,混合型,混合型-灵活,96.8050,96.2020,94.5214,94.4204,92.6233,90.8148,86.7016875887192,77.94561085837424
110020,易方达沪深300ETF联接A,指数型,指数型-股票,89.6699,92.9801,94.4937,93.5122,91.9889,88.2353,83.1869110328197,74.64548665150247
165516,中信保诚周期轮动混合(LOF)A,混合型,混合型-偏股,95.4492,94.4548,94.4922,91.4670,90.0153,89.2589,86.20400497682611,78.14310726685024
660008,农银沪深300指数A,指数型,指数型-股票,89.8465,93.0339,94.4885,93.5306,91.9925,88.2004,83.10599485214892,74.29744552855261
160127,南方新兴消费增长股票(LOF)A,股票型,股票型,97.8511,96.6801,94.4840,93.8439,91.8926,89.4733,84.50770467411196,76.13207829522328
001651,工银新蓝筹股票A,股票型,股票型,90.9568,93.2547,94.4829,93.7002,91.8997,90.0881,84.52854834020283,76.1222764276308
001702,东方创新科技混合,混合型,混合型-灵活,98.3539,96.3516,94.4788,92.5538,90.3435,90.0137,87.1675168032016,80.20363192864839
164508,国富中证A100指数增强(LOF),指数型,指数型-股票,89.2419,92.1982,94.4788,94.3581,92.7573,89.4569,83.54804090916865,74.26875074823417
160610,鹏华动力增长混合(LOF),混合型,混合型-灵活,94.7908,94.0904,94.4758,91.5973,90.1593,88.6343,82.7883160028048,75.31422093858494
000312,华安沪深300增强A,指数型,指数型-股票,89.7671,93.0624,94.4750,92.7492,91.2082,88.4831,83.78245198474458,75.09087303962647
000835,华润元大富时中国A50指数A,指数型,指数型-股票,89.6534,92.7683,94.4724,94.2732,92.8092,90.2202,85.16289057823538,76.64656410870346
001884,中欧互通精选混合E,混合型,混合型-偏股,90.2071,93.2681,94.4720,93.4412,91.8471,88.5466,83.55167518941013,75.60363791452173
519993,长信增利动态策略混合,混合型,混合型-偏股,95.9999,96.8080,94.4668,91.2984,89.9348,86.9309,83.0731794393802,74.81967556566504
481009,工银沪深300指数A,指数型,指数型-股票,89.9333,92.9621,94.4664,93.2880,91.7437,87.3424,82.51371406338184,74.22610140069436
690005,民生加银内需增长混合,混合型,混合型-偏股,96.1675,93.1798,94.4653,93.6552,92.1806,89.4060,83.04602922816439,75.50341194780319
001518,万家瑞兴灵活配置混合A,混合型,混合型-灵活,92.7631,95.3333,94.4649,93.5300,93.3270,88.7023,83.05458047579143,75.19498982401532
001559,天弘医疗健康混合C,混合型,混合型-偏股,92.9890,94.3059,94.4649,93.0547,91.8713,90.6891,84.90047416668092,75.90906710164013
001838,国投瑞银国家安全混合A,混合型,混合型-灵活,97.7358,94.1473,94.4623,91.6686,90.3104,87.9439,84.80651733337893,78.23985394469052
000051,华夏沪深300ETF联接A,指数型,指数型-股票,89.9063,92.9142,94.4604,93.4977,91.9924,88.1212,83.04116570607651,74.51824943134203
001535,景顺长城改革机遇灵活配置A,混合型,混合型-灵活,92.3964,93.5113,94.4604,91.3972,90.1078,88.3818,84.0846316977647,77.07582605052077
000452,南方医药保健灵活配置混合A,混合型,混合型-灵活,94.6037,95.0040,94.4556,92.6645,90.6963,90.1268,85.00020309213114,77.49543577157907
180010,银华优质增长混合,混合型,混合型-偏股,96.5791,96.1481,94.4522,92.3068,90.3251,87.7480,82.38378854474868,72.56696695797918
001869,招商制造业混合A,混合型,混合型-灵活,96.1556,95.9745,94.4466,92.9346,91.2701,90.1339,85.08689136495015,76.25583622650545
161721,招商沪深300地产等权重指数A,指数型,指数型-股票,89.3571,93.7994,94.4462,91.7533,92.1285,87.6226,82.02495681619949,70.84191308511912
161211,国投沪深300金融地产联接,指数型,指数型-股票,91.6557,94.2236,94.4440,93.8121,92.5194,88.8638,82.47020959107934,76.4009562432659
001186,富国文体健康股票A,股票型,股票型,97.4231,93.4589,94.4440,95.0357,92.3528,91.4545,86.68356963280942,77.61968005507003
020003,国泰金龙行业混合,混合型,混合型-灵活,97.8975,97.2016,94.4436,91.3586,89.0652,88.3327,82.5937751192899,76.16616036154674
530011,建信内生动力混合A,混合型,混合型-偏股,96.5895,95.4814,94.4421,93.6211,91.5269,89.2612,82.37160301688016,73.83428857895368
166007,中欧互通精选混合A,混合型,混合型-偏股,90.1547,93.2397,94.4354,93.3807,91.7674,88.4946,83.51100331788408,75.59903627439243
100020,富国天益价值混合A,混合型,混合型-灵活,96.8170,94.9307,94.4324,93.8220,92.1666,90.5645,84.11359904910127,74.18543487369807
165309,建信沪深300指数(LOF),指数型,指数型-股票,89.7387,92.8633,94.4313,93.6050,92.0561,88.7054,83.77432829949889,74.9378965641087
000042,财通中证ESG100指数增强A,指数型,指数型-股票,89.3945,92.9210,94.4290,93.3243,92.1302,88.6164,84.47488926134324,74.593222494912
165313,建信优势动力混合(LOF),混合型,混合型-偏股,96.1855,95.3131,94.4249,91.5586,90.5222,89.5073,85.77858040738144,77.26202412306955
161724,招商中证煤炭等权指数(LOF)A,指数型,指数型-股票,92.9846,95.6221,94.4227,91.5855,90.0586,87.0948,84.83088838911597,76.71053813001318
000354,长盛城镇化主题混合A,混合型,混合型-偏股,98.1070,95.7433,94.4204,90.9681,89.5860,87.0716,84.25971849292812,80.82822039985635
000945,华夏医疗健康混合A,混合型,混合型-灵活,95.4896,96.3329,94.4069,93.4067,91.7780,90.3577,85.28282182620444,76.65045492637375
202002,南方稳健成长贰号混合,混合型,混合型-偏股,95.3624,93.4163,94.4062,92.5021,90.3352,88.2824,83.22619332660635,75.21874625882916
481012,工银深证红利ETF联接A,指数型,指数型-股票,93.7493,95.1365,94.4055,94.2401,92.8527,88.4446,83.42843033298558,73.63465970310068
001278,前海开源清洁能源混合A,混合型,混合型-灵活,95.0332,93.3662,94.4036,91.5900,91.1991,87.8745,83.658886456534,74.98357626002634
090015,大成内需增长混合A,混合型,混合型-偏股,96.6464,95.7942,94.3987,93.7655,91.8734,90.1244,85.78456628072036,74.73314228420926
000995,建信睿盈灵活配置混合C,混合型,混合型-灵活,94.7863,93.2853,94.3976,91.7075,90.0489,87.3842,83.27076670486224,75.69222883993775
000362,国泰聚信价值优势混合A,混合型,混合型-灵活,97.0130,96.9667,94.3912,92.2404,91.1455,89.6749,85.58248961023413,77.96398000718304
002360,前海开源清洁能源混合C,混合型,混合型-灵活,95.0557,93.3392,94.3882,91.4355,91.0946,87.7944,83.59667613004737,74.91623518496348
160616,鹏华中证500指数(LOF)A,指数型,指数型-股票,91.8008,94.0650,94.3759,91.7234,89.9563,86.9128,84.24106608404166,76.5110214892853
180003,银华-道琼斯88指数,指数型,指数型-其他,91.3205,91.9580,94.3751,93.6082,92.1267,89.2774,81.75206512630193,72.59109750987669
206007,鹏华消费优选混合,混合型,混合型-偏股,97.8391,94.2700,94.3744,94.5953,92.9147,91.0457,84.60973174736193,73.8146848437687
161121,易方达中证银行ETF联接(LOF)A,指数型,指数型-股票,88.8453,92.6568,94.3744,93.3031,91.7483,88.6331,82.20506746934377,78.45833832156111
000313,华安沪深300增强C,指数型,指数型-股票,89.7297,93.0265,94.3722,92.6557,91.1161,88.3861,83.65161789605104,74.89610768586137
001849,前海开源强势共识100强股票,股票型,股票型,93.9872,92.8229,94.3707,91.5388,90.9950,88.1008,83.69870320329736,74.71492278223393
270028,广发制造业精选混合A,混合型,混合型-偏股,96.7078,96.7332,94.3707,92.9941,91.0824,90.0721,86.33783200218912,78.14086256434814
000363,国泰聚信价值优势混合C,混合型,混合型-灵活,96.9726,96.9360,94.3665,92.1722,91.0606,89.5841,85.45924475380959,77.78679815635101
700002,平安深证300指数增强,指数型,指数型-股票,94.3209,95.1716,94.3647,93.4631,91.2495,88.6773,84.36051632433171,74.80467347060936
000592,建信改革红利股票A,股票型,股票型,94.7354,94.7474,94.3621,93.2058,91.2571,90.2444,85.69322826700416,77.52005267568538
519686,交银上证180公司治理联接,指数型,指数型-股票,89.0040,92.6875,94.3613,93.2463,91.6305,88.4341,82.99386661763951,76.01120106548545
040008,华安策略优选混合A,混合型,混合型-偏股,95.3654,95.5824,94.3553,94.3267,92.8865,89.7181,82.83155324861897,74.0681491679636
001125,博时互联网主题灵活配置混合,混合型,混合型-灵活,97.0310,93.5592,94.3520,93.5059,91.7370,89.5621,85.12767012707154,78.20644528911768
160133,南方天元新产业股票(LOF),股票型,股票型,97.1507,93.5442,94.3493,93.4687,91.9125,89.7636,84.83366754459476,75.14904824613912
001004,新华稳健回报灵活配置混合发起,混合型,混合型-灵活,91.2561,93.5053,94.3471,91.9475,91.0623,89.5203,85.0095560192232,76.50473632227941
167601,国金300指数增强A,指数型,指数型-股票,89.9063,93.0474,94.3419,93.7724,91.2960,87.7833,83.16777761625421,76.01662576319885
470007,汇添富上证综合指数A,指数型,指数型-股票,89.6759,92.6725,94.3385,91.4516,90.3595,86.2907,81.8821509808281,74.20668472405124
160706,嘉实沪深300ETF联接A,指数型,指数型-股票,89.6789,92.7451,94.3321,93.1776,91.7520,87.8301,82.51136247028441,73.74711929845564
040190,华安上证50ETF联接A,指数型,指数型-股票,89.5367,92.6314,94.3284,92.5887,90.7845,86.5158,81.25138957773939,74.02471417454807
000946,华夏医疗健康混合C,混合型,混合型-灵活,95.4328,96.3007,94.3250,93.3302,91.7164,90.2758,85.17213661473208,76.49010834430743
320006,诺安灵活配置混合,混合型,混合型-灵活,94.8252,94.9195,94.3224,92.1140,89.9284,87.5720,83.40838834635973,76.92707709804861
161029,富国中证银行指数(LOF)A,指数型,指数型-股票,92.6389,94.5057,94.3217,93.1550,91.4996,88.6311,82.17797070342564,78.37898808811205
000595,嘉实泰和混合,混合型,混合型-灵活,96.5716,95.4620,94.3209,94.9324,92.6162,90.8493,85.92475329650595,74.56411618580151
001487,宝盈优势产业混合A,混合型,混合型-灵活,97.7852,97.1799,94.3175,94.0947,92.9721,90.1389,87.28178284961777,76.55400754220041
162208,宏利首选企业股票A,股票型,股票型,98.1234,96.0658,94.3168,93.0884,91.3398,88.5672,85.95457577260522,78.15590207111218
001616,嘉实环保低碳股票,股票型,股票型,98.4332,94.6150,94.3115,94.0366,92.4587,91.1494,86.49089933471294,77.67284209266133
163116,申万中证申万电子行业投资指数(LOF)A,指数型,指数型-股票,98.1264,94.5544,94.3104,92.8138,90.8522,87.9229,84.5074374476236,78.6184978450856
166301,华商新趋势优选灵活配置混合,混合型,混合型-灵活,91.9026,93.1215,94.3074,93.2644,92.4665,91.1645,88.26266439773563,81.67368759727044
481017,工银量化策略混合A,混合型,混合型-偏股,96.7302,94.3314,94.3071,92.9228,90.8441,89.1840,83.7671131843136,77.00549203878846
001339,兴银鼎新灵活配置A,混合型,混合型-灵活,93.1043,94.2206,94.3071,91.5047,89.1808,88.1911,86.16418823006278,75.16154375673412
530010,建信上证社会责任ETF联接,指数型,指数型-股票,88.9725,92.8005,94.3029,93.5777,92.1160,89.0047,83.54403251184348,76.07203250329223
001637,嘉实量化精选股票,股票型,股票型,96.4204,96.2431,94.3000,91.6982,90.4537,88.7130,84.5712511330403,76.862504489405
161005,富国天惠成长混合(LOF)A,混合型,混合型-偏股,97.2974,94.5050,94.2962,94.4139,92.2665,89.8406,84.83024704554394,75.42903747156711
001018,易方达新经济混合,混合型,混合型-灵活,98.5799,94.0426,94.2955,94.8924,92.4605,90.2917,86.70419951770964,79.0108718424518
001830,融通跨界成长灵活配置混合,混合型,混合型-灵活,95.9969,96.2641,94.2786,92.8033,91.5039,90.1892,83.579787415984,74.00578385011373
320012,诺安主题精选混合,混合型,混合型-偏股,89.8704,92.5491,94.2771,93.2124,92.0333,90.1916,85.0033563646936,75.4972764276308
000172,华泰柏瑞量化增强混合A,混合型,混合型-偏股,93.9154,95.4043,94.2749,91.6377,90.3589,86.8407,82.43514947580853,74.41981922662517
310368,申万菱信竞争优势混合A,混合型,混合型-偏股,95.6213,93.0990,94.2648,92.2431,90.8819,88.3336,84.93195344700791,76.64334670178378
400011,东方核心动力混合A,混合型,混合型-偏股,92.6284,94.3082,94.2595,90.4189,89.5459,86.8439,81.90732371603018,75.17819196695798
270006,广发策略优选混合,混合型,混合型-灵活,96.4519,96.0171,94.2595,92.3020,90.6282,88.6853,85.93554924663509,77.81885999042261
001606,农银工业4.0混合,混合型,混合型-灵活,96.8215,93.5412,94.2588,94.2814,91.1232,90.0611,87.40363812830292,78.03801777804382
161812,银华深证100指数(LOF),指数型,指数型-股票,93.8331,94.7444,94.2588,93.5064,91.5695,88.6517,84.1498349609208,74.2829671974141
001362,景顺长城领先回报混合A,混合型,混合型-灵活,94.3703,94.1279,94.2581,93.2848,91.1317,87.8977,82.62306314241248,73.4046151083443
400025,东方新兴成长混合,混合型,混合型-灵活,95.9057,93.2741,94.2536,94.5456,92.7546,91.0858,82.92802201091139,71.72056446785587
161604,融通深证100指数A,指数型,指数型-股票,93.6924,94.9749,94.2524,92.6359,90.8046,88.2510,83.85775640916009,74.13792200407039
260104,景顺长城内需增长混合A,混合型,混合型-偏股,96.3097,96.0770,94.2524,92.5601,92.2336,90.5651,85.96638718339007,74.33156500658446
519300,大成沪深300指数A,指数型,指数型-股票,89.7013,92.8873,94.2509,92.8680,91.3265,87.2770,82.4798831899574,73.90982281814917
202003,南方绩优成长混合A,混合型,混合型-偏股,97.7418,94.2603,94.2397,93.3259,91.3892,88.5837,83.29850481435241,75.56776008619657
000011,华夏大盘精选混合A,混合型,混合型-灵活,93.9034,93.3460,94.2390,93.4889,92.3270,89.2682,84.52357792751961,75.00351670058662
202001,南方稳健成长混合,混合型,混合型-偏股,95.3295,93.4290,94.2356,92.4529,90.1521,88.9106,83.99724863607601,75.47714892852868
000432,中银优秀企业混合A,混合型,混合型-偏股,96.5791,96.6314,94.2352,91.8824,90.5734,86.8796,83.46723161909323,75.0669295462708
161816,银华中证等权重90指数(LOF),指数型,指数型-股票,89.8809,92.6007,94.2300,92.1826,90.9698,87.4820,82.09582528090849,73.29380162815755
001972,前海开源沪港深智慧生活混合,混合型,混合型-灵活,90.9898,93.4799,94.2240,94.3976,91.6728,88.5182,83.36899916197773,75.21960672812163
690004,民生加银稳健成长混合,混合型,混合型-偏股,95.9296,93.2262,94.2240,93.8160,91.7747,89.9671,85.66148176018882,76.05934993415539
000609,华商新量化混合A,混合型,混合型-灵活,95.3355,94.7736,94.2233,90.5743,89.5613,89.3982,85.03045313061175,76.84709086555729
001008,工银国企改革股票,股票型,股票型,91.6542,93.5742,94.2221,93.8211,92.2815,90.2141,85.98840664602965,78.59462917514665
360001,光大量化股票A,股票型,股票型,95.6019,95.7755,94.2180,90.3261,89.3342,86.6234,80.643663097946,75.45709625284329
001188,鹏华改革红利股票,股票型,股票型,97.4799,95.5480,94.2139,91.9965,91.3207,88.3034,84.80560876331857,77.61833323356878
001276,建信新经济灵活配置混合,混合型,混合型-灵活,94.0515,93.0175,94.2124,91.5754,89.9783,88.3256,82.39800499392861,72.9583682509278
160807,长盛沪深300指数(LOF)A,指数型,指数型-股票,89.7043,92.9561,94.2079,93.0710,91.3318,87.9345,83.51185844264678,75.4448252124985
202025,南方上证380ETF联接A,指数型,指数型-股票,91.4237,93.3123,94.2057,91.5036,90.0167,86.6031,84.03979109302047,75.46128636418054
519115,浦银安盛红利精选混合A,混合型,混合型-偏股,98.3838,94.1496,94.2046,91.9711,91.3922,89.6036,86.54792546732567,75.06068179097329
398061,中海消费混合A,混合型,混合型-偏股,98.1294,94.0912,94.1997,93.2885,91.1200,89.7802,84.62565844606728,72.97857057344666
001126,摩根卓越制造股票A,股票型,股票型,96.1331,94.6464,94.1982,91.2711,90.4660,89.9448,83.93423663012433,76.71689812043577
540002,汇丰晋信龙腾混合A,混合型,混合型-偏股,95.9236,96.2229,94.1959,92.1542,90.5572,87.6363,83.34831583177986,73.70757512271041
040180,华安上证180ETF联接A,指数型,指数型-股票,89.1581,92.5356,94.1933,93.1840,91.7538,87.8167,82.46422371774042,74.24308631629354
000216,华安黄金ETF联接A,指数型,指数型-其他,97.7104,93.8039,94.1930,90.3945,89.1480,86.4110,82.97227471738127,81.46444391236682
040035,华安逆向策略混合A,混合型,混合型-偏股,98.5484,95.2046,94.1930,91.4088,90.4547,90.0804,86.62200064989483,75.28294475038908
610006,信澳产业升级混合A,混合型,混合型-偏股,98.5978,96.6808,94.1911,91.5109,89.6756,88.5748,84.01456491252074,77.44145067640369
000167,广发聚优灵活配置混合A,混合型,混合型-灵活,97.7164,94.1705,94.1903,92.9155,91.5664,90.6507,85.81241128080588,76.86882706811924
000217,华安黄金ETF联接C,指数型,指数型-其他,97.7194,93.8084,94.1814,90.3577,89.1201,86.3800,82.8960082776077,81.35808242547589
000831,工银医疗保健股票,股票型,股票型,95.5151,95.8645,94.1776,93.7485,92.1040,91.4163,86.47534675309127,77.10901023584341
398021,中海能源策略混合,混合型,混合型-灵活,97.6730,94.0037,94.1739,93.1335,90.9004,88.2726,84.76974696858271,75.42305159822817
460300,华泰柏瑞沪深300ETF联接A,指数型,指数型-股票,89.5113,92.7257,94.1735,93.2984,90.6402,86.2928,81.20948846436694,73.10300191547947
001133,广发中证全指可选消费联接A,指数型,指数型-股票,91.2741,93.2113,94.1698,91.0449,89.1593,86.8309,83.01096911289358,74.76651352807374
001761,广发安宏回报混合A,混合型,混合型-灵活,95.7306,95.5645,94.1683,93.3854,91.0909,87.6081,81.32519753382019,72.37743924338561
001163,银华中国梦30股票,股票型,股票型,96.9547,93.9041,94.1656,93.7629,92.0226,90.1466,85.40291341006653,73.91453669340356
260115,景顺长城中小盘混合A,混合型,混合型-偏股,96.6943,96.2611,94.1641,93.5044,91.3873,88.6815,85.1840014708146,75.92511672453011
121001,国投瑞银融华债券,混合型,混合型-偏债,95.8129,95.9790,94.1597,91.1443,88.8208,84.1180,78.87147047254193,72.04166916078056
206009,鹏华新兴产业混合A,混合型,混合型-偏股,95.4223,94.4294,94.1578,93.5422,91.5997,89.2509,84.26110807066752,76.78057284807853
001882,中欧价值发现混合E,混合型,混合型-偏股,95.1440,96.1114,94.1552,93.5313,92.1452,88.9115,85.29645037711002,79.22041482102239
260109,景顺长城内需增长贰号混合A,混合型,混合型-偏股,96.3606,96.1503,94.1529,92.4991,92.0912,89.7353,85.4597257614886,73.94136088830359
502048,易方达上证50指数(LOF)A,指数型,指数型-股票,88.9980,92.3703,94.1514,93.4515,92.0359,88.3417,82.51478296933523,75.07037142344068
002134,广发鑫裕混合A,混合型,混合型-灵活,95.3355,95.4679,94.1503,93.3585,91.0168,88.4640,82.51708111713499,74.38409104513349
163810,中银价值混合A,混合型,混合型-灵活,96.1705,92.7915,94.1484,93.1370,90.3605,89.6694,84.89502274631869,74.5829716868191
001594,天弘中证银行ETF联接A,指数型,指数型-股票,91.5794,93.6221,94.1477,93.6585,91.9362,88.7220,82.24766337158592,78.46114419968873
002101,创金合信转债精选债券A,债券型,债券型-混合一级,93.6714,94.3568,94.1477,91.0088,89.2582,85.2744,82.8179246977134,74.14162576319885
000963,兴业多策略混合,混合型,混合型-灵活,95.9955,96.1810,94.1469,90.4707,90.6504,88.7356,83.5152789416976,75.35825451933437
377240,摩根新兴动力混合A,混合型,混合型-偏股,97.7538,94.0291,94.1462,94.7094,92.4895,91.1860,86.12832643532691,80.65721148090506
168204,国联中证煤炭指数(LOF)A,指数型,指数型-股票,91.4133,94.7624,94.1458,91.3775,90.7407,87.3504,85.28987660549674,76.88034987429666
519656,银河灵活配置混合A,混合型,混合型-灵活,96.0942,93.3145,94.1398,92.8708,90.8165,88.6779,84.51663003882267,74.15150245420807
519180,万家180指数A,指数型,指数型-股票,89.1701,92.5004,94.1368,93.1436,91.7197,87.7694,82.29517624121358,73.51509188315575
000961,天弘沪深300ETF联接A,指数型,指数型-股票,89.7088,92.7938,94.1297,93.3488,91.8768,88.1902,83.1117134989995,74.56456512630193
001762,广发安宏回报混合C,混合型,混合型-灵活,95.7560,95.5772,94.1286,93.3798,91.0497,87.7400,81.32263215953208,72.314999102119
710002,富安达策略精选混合A,混合型,混合型-灵活,96.2214,95.5547,94.1256,93.8731,91.9670,88.7641,82.4905722494912,73.25811085837424
257040,国联安红利混合,混合型,混合型-偏股,98.6337,93.8233,94.1222,93.1939,90.7467,87.4972,82.22382676882557,74.55524961091824
530016,建信恒稳价值混合,混合型,混合型-平衡,93.4215,92.8648,94.1193,93.1899,91.3211,88.9763,84.11760744642643,73.48011193583145
620006,金元顺安消费主题混合,混合型,混合型-偏股,96.7377,93.1170,94.1148,93.6907,91.6922,89.6647,83.90671230182484,76.13462229139232
375010,摩根中国优势混合A,混合型,混合型-灵活,95.9625,94.2962,94.1129,93.5648,91.3761,90.0264,84.72148586478768,79.1271848437687
090003,大成蓝筹稳健混合A,混合型,混合型-灵活,94.7384,95.0452,94.1092,93.7713,91.5746,88.1823,82.60745711549315,74.5057913324554
